time,ax (m/s^2),ay (m/s^2),az (m/s^2),aT (m/s^2)
0.022133,-0.3944,-0.3035,-0.6598,0.83
0.038159,0.2433,-0.2768,-0.0873,0.38
0.050981,0.8710,-0.0706,0.2655,0.91
0.063682,0.9584,-0.0244,0.4892,1.08
0.070423,0.8194,-0.0432,0.6763,1.06
0.089071,0.6435,0.0947,0.6533,0.92
0.096524,0.4662,0.2456,0.6381,0.83
0.100131,0.1482,0.2099,0.8190,0.86
0.112981,-0.1379,0.0693,0.9404,0.95
0.120602,-0.2517,-0.0347,0.8923,0.93
0.131802,-0.2449,0.0505,0.5763,0.63
0.149144,-0.0590,0.1573,0.2726,0.32
0.150894,0.0819,0.2191,0.0823,0.25
0.166329,0.1110,0.3018,-0.1471,0.35
0.171006,0.0629,0.3309,-0.1983,0.39
0.183343,0.0484,0.3161,-0.0976,0.33
0.197011,0.0168,0.2673,-0.0318,0.27
0.200663,0.0596,0.2419,-0.0686,0.26
0.213401,0.0382,0.2381,-0.1287,0.27
0.220926,-0.0548,0.1518,-0.1667,0.23
0.231288,0.0123,0.0627,-0.0226,0.07
0.247190,0.2159,0.1275,0.1191,0.28
0.251651,0.4637,0.2308,0.2683,0.58
0.269305,0.6664,0.3043,0.4155,0.84
0.271591,0.7624,0.3737,0.6120,1.05
0.281873,0.6423,0.4001,0.5319,0.92
0.300041,0.2732,0.3846,0.3512,0.59
0.301759,-0.1825,0.4093,0.0860,0.46
0.316093,-0.6196,0.2722,-0.2130,0.71
0.322251,-0.7975,0.0688,-0.3966,0.89
0.333769,-0.5944,0.0189,-0.4900,0.77
0.347952,-0.0962,0.1085,-0.4191,0.44
0.352602,0.4168,0.1743,-0.2735,0.53
0.364310,0.8012,0.2478,-0.0946,0.84
0.373009,1.0673,0.3343,0.1075,1.12
0.382628,1.0534,0.3184,0.2804,1.14
0.397831,0.7893,0.1900,0.3394,0.88
0.403603,0.4124,0.0580,0.1617,0.45
0.418136,0.0308,-0.0762,-0.2181,0.23
0.423545,-0.1837,-0.2367,-0.4409,0.53
0.433429,-0.0908,-0.2219,-0.3628,0.43
0.447922,0.1685,-0.1948,-0.2762,0.38
0.453473,0.4284,-0.0688,-0.4354,0.61
0.464311,0.6612,0.0973,-0.5869,0.89
0.473430,0.7168,0.1828,-0.6821,1.01
0.493878,0.5492,0.1714,-0.7656,0.96
0.507204,0.2095,0.1059,-0.5952,0.64
0.516965,0.1834,0.1091,-0.5227,0.56
0.534072,0.2391,-0.0911,-0.0812,0.27
0.547698,0.4818,-0.0564,0.0565,0.49
0.553951,0.6679,0.0221,0.0228,0.67
0.564050,0.7050,0.0508,-0.0431,0.71
0.574682,0.6470,0.0297,-0.1271,0.66
0.584126,0.4444,-0.0423,-0.1957,0.49
0.597966,0.1706,-0.1525,-0.3623,0.43
0.604221,-0.0515,-0.1703,-0.3896,0.43
0.614981,-0.1017,-0.1088,-0.3881,0.42
0.632315,0.0161,-0.0525,-0.2924,0.30
0.634631,0.1518,0.0181,-0.2076,0.26
0.648630,0.2198,0.0974,-0.1923,0.31
0.654793,0.2046,0.1308,-0.2597,0.36
0.665348,0.1646,0.0913,-0.3989,0.44
0.682230,0.1677,0.0591,-0.5334,0.56
0.685199,0.1923,0.0752,-0.5786,0.61
0.699093,0.2126,0.0615,-0.5830,0.62
0.705021,0.1754,0.0602,-0.6370,0.66
0.715060,0.1122,0.0664,-0.6807,0.69
0.725013,-0.0263,0.0731,-0.6061,0.61
0.735509,-0.1845,0.0497,-0.5799,0.61
0.747598,-0.2867,-0.0277,-0.5331,0.61
0.756180,-0.3411,-0.0788,-0.4399,0.56
0.766054,-0.3487,-0.0605,-0.3318,0.49
0.782076,-0.3197,-0.1285,-0.2232,0.41
0.785746,-0.2510,-0.2113,-0.3638,0.49
0.798151,-0.2039,-0.2184,-0.5444,0.62
0.806003,-0.0847,-0.2327,-0.7195,0.76
0.815855,0.0120,-0.2090,-0.8654,0.89
0.832213,0.0464,-0.2259,-1.0532,1.08
0.836263,0.1080,-0.1946,-1.2091,1.23
0.849864,0.2533,-0.0966,-1.2771,1.31
0.856622,0.3189,0.0461,-1.4401,1.48
0.869042,0.2617,0.1005,-1.5789,1.60
0.885950,0.2110,0.1543,-1.6682,1.69
0.900984,0.1782,0.2091,-1.4654,1.49
0.906497,0.1447,0.2341,-1.1095,1.14
0.917068,0.0895,0.2124,-0.7484,0.78
0.944727,0.0232,0.1952,-0.4103,0.45
0.945045,-0.0923,0.1711,-0.1348,0.24
0.952720,-0.3204,0.0367,0.0092,0.32
0.957469,-0.4225,-0.1444,0.1940,0.49
0.969691,-0.1629,-0.0676,0.2728,0.32
0.997395,0.1932,0.0484,0.2946,0.36
1.012678,0.6865,0.2904,0.0453,0.75
1.029197,0.5399,0.6456,-0.0137,0.84
1.029990,0.3047,0.8412,-0.2308,0.92
1.047171,0.0602,1.0123,-0.4554,1.11
1.047997,-0.0800,1.1028,-0.8419,1.39
1.063223,-0.2379,0.8777,-1.3871,1.66
1.075908,-0.5768,0.2473,-1.9345,2.03
1.087256,-0.8949,-0.4420,-1.8141,2.07
1.088086,-1.0186,-0.8705,-1.0008,1.67
1.116015,-0.8380,-1.0231,0.1283,1.33
1.116351,-0.3077,-0.9086,1.3955,1.69
1.124558,0.4981,-0.5548,2.4483,2.56
1.134856,1.0257,-0.2508,3.1518,3.32
1.138434,1.0146,-0.1568,3.3533,3.51
1.149401,0.4464,-0.2111,3.0051,3.05
1.158866,-0.4630,-0.3113,2.3611,2.43
1.168555,-1.3580,-0.3583,1.7325,2.23
1.182038,-1.8040,-0.2634,1.2937,2.24
1.189261,-1.7849,-0.0089,1.1805,2.14
1.198913,-1.4177,0.2247,1.2577,1.91
1.209523,-0.8830,0.3651,1.4509,1.74
1.219740,-0.4235,0.4302,1.7334,1.84
1.233437,-0.1266,0.4450,1.9760,2.03
1.239456,0.0643,0.4805,2.1220,2.18
1.251200,0.1843,0.5015,2.3583,2.42
1.259944,0.2707,0.4491,2.5511,2.60
1.269626,0.1952,0.3495,2.7489,2.78
1.284838,0.0309,0.2644,2.8589,2.87
1.290321,-0.1016,0.2678,2.9363,2.95
1.300573,-0.2450,0.2623,2.8022,2.83
1.316804,-0.4561,0.1793,2.5167,2.56
1.320495,-0.5660,0.1056,2.3214,2.39
1.333211,-0.4918,0.1318,2.2561,2.31
1.340501,-0.2741,0.1989,2.2745,2.30
1.350790,-0.0731,0.2703,2.2016,2.22
1.367632,0.0411,0.3442,1.8920,1.92
1.370525,-0.0115,0.3677,1.4185,1.47
1.384621,-0.1303,0.2914,0.7582,0.82
1.390586,-0.2425,0.1662,0.0555,0.30
1.401092,-0.2335,0.0445,-0.5243,0.58
1.417075,-0.0894,-0.0562,-1.1395,1.14
1.421029,0.0804,-0.1376,-1.6180,1.63
1.433442,0.1472,-0.2066,-1.9200,1.94
1.441257,0.0346,-0.2763,-2.2040,2.22
1.450756,-0.0873,-0.3555,-2.4440,2.47
1.466924,-0.0753,-0.3287,-2.6664,2.69
1.471372,0.0431,-0.1948,-2.7588,2.77
1.484264,0.1257,-0.0227,-2.6686,2.67
1.491853,0.2162,0.2000,-2.5752,2.59
1.501817,0.4170,0.4767,-2.5287,2.61
1.515936,0.6301,0.8117,-2.5075,2.71
1.522368,0.8709,1.0773,-2.4542,2.82
1.533219,0.9348,0.9941,-2.4722,2.82
1.542817,0.6061,0.6274,-2.7915,2.92
1.552006,-0.0007,0.1924,-3.4562,3.46
1.569419,-0.4987,-0.1433,-3.9416,3.98
1.572585,-0.7420,-0.4451,-3.6072,3.71
1.586194,-0.6930,-0.7300,-2.3592,2.56
1.592795,-0.5777,-0.7936,-1.3497,1.67
1.602968,-0.3600,-0.6374,-0.2268,0.77
1.618441,0.0031,-0.4701,0.9728,1.08
1.623081,0.3041,-0.3715,1.5862,1.66
1.634542,0.2907,-0.5692,1.7569,1.87
1.643032,-0.0028,-0.8556,1.6270,1.84
1.653067,-0.3449,-0.9161,1.4642,1.76
1.676251,-0.4953,-0.6990,1.1698,1.45
1.676745,-0.5578,-0.3657,0.8916,1.11
1.693759,-0.5952,-0.1976,0.7077,0.95
1.694012,-0.6900,-0.1920,0.3308,0.79
1.703695,-0.7288,-0.2810,-0.0724,0.78
1.717710,-0.8635,-0.4192,-0.5011,1.08
1.723876,-0.9805,-0.6187,-0.6699,1.34
1.733733,-0.9212,-0.7215,-0.3892,1.23
1.744341,-0.6248,-0.5937,0.2780,0.91
1.753955,-0.0907,-0.4613,1.2583,1.34
1.768668,0.5668,-0.3083,2.5246,2.61
1.774141,1.1876,-0.0225,3.6339,3.82
1.786268,1.4974,0.3853,4.0216,4.31
1.794056,1.4018,0.6660,3.8597,4.16
1.804791,0.8977,0.6097,3.2232,3.40
1.819408,0.1602,0.1890,2.2148,2.23
1.824905,-0.3432,-0.2312,1.2036,1.27
1.834587,-0.5174,-0.4213,0.4508,0.81
1.850423,-0.5921,-0.5846,0.3729,0.91
1.854629,-0.6262,-0.6451,0.9358,1.30
1.868946,-0.4644,-0.5427,1.8190,1.95
1.874911,-0.0330,-0.3389,2.6535,2.68
1.884728,0.5374,-0.2338,3.5076,3.56
1.894974,0.8938,-0.1169,3.9390,4.04
1.905530,0.8566,-0.0807,3.6059,3.71
1.919608,0.4452,-0.2236,2.8124,2.86
1.925942,-0.1800,-0.5705,1.8201,1.92
1.935890,-0.6812,-0.8614,1.0477,1.52
1.952500,-0.7200,-0.7841,0.5693,1.21
1.956001,-0.2895,-0.4784,0.4967,0.75
1.969709,0.2324,-0.1537,0.6116,0.67
1.976095,0.6750,0.0644,0.7408,1.00
1.987235,0.8961,0.1306,0.8600,1.25
2.003424,0.7922,0.0468,0.7588,1.10
2.006550,0.4783,-0.0891,0.3564,0.60
2.019000,0.1638,-0.1592,-0.1599,0.28
2.026763,-0.1531,-0.2599,-0.4645,0.55
2.036353,-0.4203,-0.4091,-0.5027,0.77
2.053037,-0.5336,-0.5541,-0.4021,0.87
2.056791,-0.4404,-0.5795,-0.2797,0.78
2.069372,-0.2428,-0.6081,-0.2692,0.71
2.076735,-0.1007,-0.6910,-0.5014,0.86
2.086829,0.0391,-0.7326,-0.8157,1.10
2.102248,0.1421,-0.7398,-0.9897,1.24
2.107072,0.1433,-0.8045,-1.1028,1.37
2.119977,0.1035,-0.9149,-1.1096,1.44
2.127202,0.0134,-0.9630,-1.1708,1.52
2.137388,-0.0282,-1.0076,-1.3004,1.65
2.153042,-0.0361,-1.0023,-1.5463,1.84
2.157300,-0.0363,-1.0026,-1.9274,2.17
2.179726,0.0839,-0.9943,-2.3242,2.53
2.197036,0.7773,-0.4639,-1.7612,1.98
2.208767,0.8872,-0.2931,-1.3659,1.65
2.221124,0.9591,-0.2492,-1.0816,1.47
2.228521,1.0133,-0.2896,-0.8979,1.38
2.245661,0.9795,-0.2224,-0.9843,1.41
2.262240,0.8924,-0.1466,-1.1707,1.48
2.277905,0.4357,-0.3560,-1.3320,1.45
2.292680,0.0016,-0.5335,-1.3396,1.44
2.304838,0.1914,-0.3411,-1.1547,1.22
2.308481,0.5023,-0.0568,-1.0417,1.16
2.319253,0.8019,0.0774,-1.0243,1.30
2.328665,1.0750,0.1514,-0.9448,1.44
2.338911,1.2542,0.2281,-0.8848,1.55
2.352995,1.2913,0.3533,-0.8155,1.57
2.358832,1.1729,0.4314,-0.6724,1.42
2.370495,0.9325,0.5000,-0.3414,1.11
2.379088,0.6688,0.4990,-0.0980,0.84
2.389360,0.3205,0.4793,0.4544,0.73
2.402789,-0.0542,0.4403,1.2436,1.32
2.409367,-0.2895,0.2550,2.0899,2.13
2.420495,-0.4166,0.1015,2.8820,2.91
2.429568,-0.4802,-0.2446,3.8083,3.85
2.439275,-0.2207,-0.5476,4.9778,5.01
2.453533,0.5818,-0.5795,5.9783,6.03
2.459567,1.4148,-0.2992,6.5856,6.74
2.470567,1.9894,0.2334,6.4528,6.76
2.479849,2.2526,0.8366,5.5235,6.02
2.490582,1.9265,1.2802,4.1467,4.75
2.505052,0.8698,1.3273,2.4057,2.88
2.510249,-0.6037,0.9721,0.6809,1.33
2.520307,-2.0704,0.4853,-0.8873,2.30
2.536347,-3.3441,0.2026,-2.2309,4.02
2.540329,-4.2048,0.0832,-3.2496,5.31
2.553865,-4.3915,0.1097,-3.6565,5.72
2.560474,-3.6966,0.3090,-3.1774,4.88
2.570649,-2.4955,0.3387,-2.1287,3.30
2.582874,-1.4931,0.0910,-1.0056,1.80
2.590721,-0.6504,-0.0136,-0.2752,0.71
2.605988,0.0058,0.1090,0.1088,0.15
2.611154,0.3261,0.1305,0.4198,0.55
2.621142,0.3770,-0.0114,0.6066,0.71
2.637143,0.2452,-0.2204,0.7065,0.78
2.641016,0.1035,-0.3265,0.9361,1.00
2.653653,-0.0573,-0.2869,1.4508,1.48
2.661531,-0.1851,-0.1860,1.6677,1.69
2.671204,-0.3649,-0.1486,1.7992,1.84
2.688601,-0.6810,-0.2649,1.6765,1.83
2.691724,-1.1040,-0.4525,1.0678,1.60
2.707603,-1.5349,-0.5497,0.3435,1.67
2.711073,-1.8232,-0.5428,-0.3492,1.93
2.720893,-1.9277,-0.4689,-0.9562,2.20
2.735185,-1.7535,-0.3387,-1.3974,2.27
2.741445,-1.4939,-0.3459,-1.7622,2.34
2.753676,-1.1443,-0.3960,-2.0038,2.34
2.761677,-0.6656,-0.3795,-1.9748,2.12
2.771745,-0.1621,-0.3148,-1.8526,1.89
2.787662,0.2422,-0.2056,-1.8908,1.92
2.792055,0.4443,-0.1841,-1.9506,2.01
2.804087,0.3938,-0.2100,-2.1160,2.16
2.812052,0.1520,-0.2598,-2.4740,2.49
2.821776,-0.1579,-0.3050,-2.7359,2.76
2.836194,-0.4846,-0.3422,-2.7329,2.80
2.841991,-0.7540,-0.4589,-2.4253,2.58
2.852873,-0.8078,-0.6604,-1.7244,2.02
2.862161,-0.7076,-0.7004,-0.9858,1.40
2.872821,-0.4303,-0.5489,-0.4782,0.85
2.887027,-0.0847,-0.2922,-0.2863,0.42
2.893097,0.1894,-0.0826,-0.2248,0.31
2.903723,0.4065,0.0032,-0.2312,0.47
2.913722,0.5918,0.0003,-0.2073,0.63
2.922650,0.6860,-0.0636,-0.2387,0.73
2.936421,0.6518,-0.0743,-0.5030,0.83
2.942808,0.5871,0.0343,-0.7114,0.92
2.953897,0.4942,0.1013,-0.7712,0.92
2.963395,0.3410,0.0404,-0.6633,0.75
2.973753,0.1827,-0.0699,-0.5816,0.61
2.987810,0.1396,-0.0818,-0.5618,0.58
2.994025,0.2141,0.0733,-0.5110,0.56
3.003967,0.2334,0.2727,-0.4559,0.58
3.021592,0.1462,0.3869,-0.3086,0.52
3.023642,-0.1790,0.2593,0.1711,0.36
3.037192,-0.5564,-0.0708,0.8360,1.01
3.044062,-0.7247,-0.3077,1.2488,1.48
3.053783,-0.5034,-0.2831,1.9506,2.03
3.064281,-0.0104,-0.1311,2.8624,2.87
3.074296,0.5123,-0.1379,3.6815,3.72
3.088378,0.7662,-0.3546,4.3893,4.47
3.094443,0.8634,-0.5473,4.7709,4.88
3.104554,0.8484,-0.6113,4.6832,4.80
3.121272,0.8783,-0.4697,3.9838,4.11
3.124548,1.0627,-0.0322,2.7225,2.92
3.138398,1.2697,0.5074,1.3641,1.93
3.150076,1.2641,0.9396,0.2304,1.59
3.163201,0.8963,1.0908,-0.4199,1.47
3.174004,0.6273,1.0186,-1.0932,1.62
3.186618,-0.3433,0.3067,-1.0939,1.19
3.195103,-0.6614,0.1032,-0.8224,1.06
3.205006,-0.7063,0.1928,-0.1770,0.75
3.221017,-0.6324,0.3151,0.7799,1.05
3.225251,-0.4849,0.3234,1.6219,1.72
3.238047,-0.3082,0.3540,2.1403,2.19
3.245536,-0.1131,0.5673,2.2905,2.36
3.255936,0.0254,0.7162,2.2619,2.37
3.271062,-0.0341,0.6625,2.3727,2.46
3.275946,-0.1670,0.5555,2.5800,2.64
3.288438,-0.2013,0.4555,2.6601,2.71
3.296009,-0.3166,0.3013,2.5549,2.59
3.306053,-0.4976,0.0960,2.3471,2.40
3.321561,-0.5847,0.0221,1.9174,2.00
3.326067,-0.4776,0.1388,1.3251,1.42
3.337267,-0.1940,0.3381,0.5887,0.71
3.346386,0.0899,0.4620,-0.0200,0.47
3.356590,0.2932,0.4018,-0.3896,0.63
3.371422,0.4549,0.2881,-0.6687,0.86
3.376726,0.5775,0.2395,-0.9722,1.16
3.389634,0.6636,0.0922,-1.2542,1.42
3.396954,0.4991,-0.0958,-1.5045,1.59
3.406863,0.1385,-0.3987,-1.8187,1.87
3.421671,-0.2063,-0.7035,-2.1063,2.23
3.426958,-0.3304,-0.9026,-2.2849,2.48
3.437953,-0.2075,-1.0291,-2.3104,2.54
3.447198,0.0049,-1.1125,-2.2987,2.55
3.457235,0.1743,-1.1478,-2.2817,2.56
3.470840,0.2926,-1.1926,-1.9994,2.35
3.477551,0.3127,-1.2589,-1.6979,2.14
3.488740,0.1798,-1.3694,-1.5623,2.09
3.497323,0.0402,-1.4655,-1.6681,2.22
3.507757,-0.0466,-1.5083,-1.9454,2.46
3.522169,-0.0499,-1.5327,-2.2060,2.69
3.527710,0.0063,-1.6228,-2.4192,2.91
3.538705,0.0340,-1.7127,-2.5858,3.10
3.548533,-0.0139,-1.7738,-2.8042,3.32
3.558082,-0.0293,-1.8125,-2.9391,3.45
3.572383,0.1340,-1.7641,-3.1183,3.59
3.578472,0.2848,-1.6888,-3.1513,3.59
3.589499,0.2974,-1.7549,-2.9913,3.48
3.598578,0.2343,-1.9487,-2.5647,3.23
3.608868,0.3142,-2.0698,-1.8663,2.80
3.624696,0.5073,-1.8159,-1.0070,2.14
3.628856,0.6201,-1.2880,-0.0208,1.43
3.640425,0.5436,-0.8426,0.8791,1.33
3.648771,0.4046,-0.5098,1.4126,1.56
3.659059,0.5169,-0.0483,1.6577,1.74
3.671399,0.8534,0.5892,1.7150,2.00
3.679218,0.9876,1.1814,1.4294,2.10
3.689528,0.6198,1.3763,0.9864,1.80
3.699068,-0.0248,1.0681,0.6418,1.25
3.709731,-0.5339,0.6707,0.5148,1.00
3.724008,-0.8278,0.4158,0.8578,1.26
3.729722,-0.7866,0.3668,1.4437,1.68
3.740507,-0.4166,0.5101,2.2592,2.35
3.757126,0.1205,0.7614,3.0812,3.18
3.760113,0.6459,1.0139,3.7009,3.89
3.772300,1.0232,1.2356,3.9310,4.25
3.780518,1.1799,1.4613,3.6669,4.12
3.790628,0.9467,1.5114,3.3003,3.75
3.806164,0.5281,1.3932,2.6840,3.07
3.810491,-0.1074,1.1354,2.0620,2.36
3.823193,-0.6931,0.8733,1.4913,1.86
3.830840,-1.0890,0.7381,1.0762,1.70
3.840953,-1.3077,0.7390,0.7650,1.69
3.856639,-1.3358,0.6729,0.6069,1.61
3.861050,-1.2116,0.5302,0.7640,1.53
3.872489,-1.0581,0.3467,1.0258,1.51
3.882293,-0.8748,0.2843,1.3544,1.64
3.891325,-0.7756,0.3310,1.6648,1.87
3.906599,-0.8346,0.2626,1.9347,2.12
3.911444,-0.8913,0.1367,2.1681,2.35
3.924791,-0.9578,0.0056,2.2084,2.41
3.931317,-1.0582,-0.1235,1.8726,2.15
3.941765,-1.1239,-0.2679,1.3574,1.78
3.956838,-1.2885,-0.4175,0.4690,1.43
3.961958,-1.5421,-0.6272,-0.6015,1.77
3.972924,-1.6871,-0.6579,-1.4776,2.34
3.981948,-1.7117,-0.6156,-1.9455,2.66
3.991829,-1.7583,-0.6689,-2.0640,2.79
4.007212,-1.7681,-0.7049,-2.0509,2.80
4.012414,-1.7157,-0.7481,-2.0207,2.75
4.024328,-1.5860,-0.7458,-2.0998,2.74
4.032251,-1.4418,-0.8246,-2.2688,2.81
4.042014,-1.3081,-1.0761,-2.4131,2.95
4.059654,-1.0497,-1.2202,-2.5949,3.05
4.063449,-0.7283,-1.2007,-2.8431,3.17
4.074754,-0.5407,-1.0924,-3.0432,3.28
4.083386,-0.5335,-1.1842,-3.3156,3.56
4.092601,-0.7164,-1.4761,-3.5057,3.87
4.105748,-0.8102,-1.6914,-3.6912,4.14
4.112766,-0.8059,-1.7082,-3.6573,4.12
4.123320,-0.7108,-1.4690,-3.2658,3.65
4.133568,-0.5509,-1.1423,-2.6094,2.90
4.143649,-0.5888,-0.9586,-1.5139,1.89
4.158404,-0.5250,-0.8931,-0.5082,1.15
4.163543,-0.3247,-0.6910,0.1599,0.78
4.173763,0.0837,-0.3033,0.5238,0.61
4.183837,0.3312,0.1793,0.6125,0.72
4.193735,0.1236,0.5832,0.2683,0.65
4.207394,-0.2858,0.7735,-0.3132,0.88
4.213592,-0.5387,0.9317,-0.7795,1.33
4.224272,-0.6407,0.9666,-1.1605,1.64
4.234049,-0.6107,0.8622,-1.5615,1.89
4.244256,-0.3414,0.7691,-1.6667,1.87
4.257464,0.1741,0.8669,-1.3621,1.62
4.264177,0.6399,1.1021,-1.0235,1.63
4.274403,1.0841,1.3982,-0.8082,1.95
4.284113,1.4893,1.7917,-0.7642,2.45
4.294336,1.7948,2.2334,-0.7579,2.96
4.320770,1.9827,2.5623,-0.5345,3.28
4.334232,1.5712,2.3318,0.0762,2.81
4.352010,0.6244,1.2161,1.4959,2.03
4.366014,0.1822,0.5406,2.5361,2.60
4.367006,-0.1518,-0.1576,3.6652,3.67
4.380492,-0.0382,-0.5749,4.9207,4.95
4.393597,0.5736,-0.6193,6.2808,6.34
4.395398,1.2017,-0.4115,7.3297,7.44
4.407624,2.0111,0.1643,8.1003,8.35
4.415625,2.4126,0.6027,8.5148,8.87
4.425222,2.2110,0.6578,8.2132,8.53
4.440666,1.6758,0.5260,6.9279,7.15
4.445606,1.2066,0.3579,5.3809,5.53
4.457395,0.9654,0.2460,3.7284,3.86
4.465624,0.7978,0.1027,2.3860,2.52
4.475121,0.6095,-0.1209,1.3549,1.49
4.492441,0.6331,-0.2814,0.5578,0.89
4.505633,0.8667,-0.1691,-0.1231,0.89
4.506223,1.1881,-0.0505,-0.5666,1.32
4.515555,1.4405,-0.0781,-0.9584,1.73
4.526103,1.6375,-0.1097,-1.2349,2.05
4.540342,1.7255,-0.2784,-1.3148,2.19
4.546120,1.6340,-0.4995,-1.3079,2.15
4.557293,1.2716,-0.7091,-1.3931,2.02
4.566235,0.7678,-0.8541,-1.5100,1.90
4.575819,0.3422,-0.9622,-1.6844,1.97
4.591861,0.0236,-1.1000,-1.8972,2.19
4.596453,-0.1478,-1.1699,-1.8732,2.21
4.608362,-0.2029,-1.2787,-1.5721,2.04
4.616592,-0.1195,-1.4577,-1.0683,1.81
4.626836,0.2135,-1.5299,-0.4117,1.60
4.641992,0.6782,-1.5659,0.1743,1.72
4.647204,1.0287,-1.5945,0.4383,1.95
4.658400,1.1849,-1.6324,0.1698,2.02
4.667464,1.1639,-1.7291,-0.4892,2.14
4.677318,1.0872,-1.8180,-1.4265,2.55
4.691693,0.8906,-1.8906,-2.4304,3.21
4.697661,0.6294,-2.0113,-3.2683,3.89
4.708939,0.3484,-2.0954,-3.8640,4.41
4.717526,0.2131,-2.0397,-4.2056,4.68
4.728067,0.2683,-1.7754,-4.3145,4.67
4.742299,0.2574,-1.6027,-4.1363,4.44
4.748206,0.2113,-1.5419,-3.8075,4.11
4.759216,0.1833,-1.5000,-3.4423,3.76
4.768220,0.2856,-1.5716,-2.9703,3.37
4.778033,0.4298,-1.6577,-2.6151,3.13
4.792580,0.6180,-1.5671,-2.4854,3.00
4.798296,0.8764,-1.2780,-2.4899,2.93
4.810905,1.0160,-0.9355,-2.5952,2.94
4.818614,1.0631,-0.7382,-2.7776,3.06
4.828770,1.1661,-0.5271,-2.9590,3.22
4.842350,1.2862,-0.2299,-2.9585,3.23
4.849001,1.3351,0.0435,-2.5167,2.85
4.859329,1.4568,0.2735,-1.7089,2.26
4.868836,1.4975,0.5360,-0.9078,1.83
4.878896,1.1248,0.7233,-0.3469,1.38
4.892422,0.4801,0.8305,0.7487,1.22
4.899290,-0.1596,0.8676,1.4208,1.67
4.909434,-0.6015,0.8425,2.0294,2.28
4.921562,-0.7983,0.7821,2.7496,2.97
4.930559,-0.7689,0.6975,3.4620,3.61
4.944858,-0.4775,0.6694,4.2628,4.34
4.949663,-0.0404,0.8269,5.1141,5.18
4.959511,0.2778,1.0922,5.6867,5.80
4.975061,0.3209,1.2798,5.7424,5.89
4.979690,0.0112,1.2864,5.3729,5.52
4.991878,-0.5335,0.9167,4.7429,4.86
5.000409,-1.1003,0.2097,3.9547,4.11
5.010593,-1.4664,-0.3378,3.2104,3.55
5.026247,-1.6120,-0.5049,2.6241,3.12
5.030652,-1.6737,-0.4992,2.2809,2.87
5.042889,-1.5049,-0.1896,2.2405,2.71
5.050852,-1.1340,0.2977,2.2734,2.56
5.060718,-0.9515,0.6730,2.1697,2.46
5.076052,-1.0230,0.7193,1.9680,2.33
5.080924,-1.1287,0.6744,1.7979,2.23
5.091950,-1.3293,0.5967,1.7864,2.31
5.101158,-1.5729,0.3698,1.9310,2.52
5.110921,-1.6833,0.1480,2.4492,2.98
5.126029,-1.5746,0.0424,2.9773,3.37
5.131202,-1.4124,-0.0783,3.2023,3.50
5.143926,-1.0620,-0.1585,3.1343,3.31
5.151431,-0.6687,0.1004,2.7544,2.84
5.161418,-0.5176,0.3257,2.1087,2.20
5.176011,-0.6977,0.2265,1.3075,1.50
5.181285,-0.9575,0.0085,0.5184,1.09
5.192740,-1.0693,-0.0666,-0.1321,1.08
5.201848,-1.0783,-0.0736,-0.6825,1.28
5.211920,-1.1024,-0.0777,-1.2956,1.70
5.226567,-1.0969,-0.1483,-1.9113,2.21
5.232017,-0.9565,-0.1906,-2.3529,2.55
5.243055,-0.7189,-0.1288,-2.5683,2.67
5.252257,-0.5257,-0.1476,-2.6321,2.69
5.262011,-0.5359,-0.3590,-2.6877,2.76
5.276354,-0.5084,-0.5611,-2.7159,2.82
5.282316,-0.3569,-0.6285,-2.6831,2.78
5.293303,-0.0824,-0.5733,-2.7732,2.83
5.302372,0.1903,-0.5256,-2.9523,3.00
5.312677,0.3944,-0.5762,-3.1105,3.19
5.333406,0.6107,-0.5902,-3.2793,3.39
5.334690,0.8025,-0.4570,-3.3398,3.47
5.347552,0.9239,-0.2909,-3.4122,3.55
5.352747,1.0098,-0.1093,-3.4351,3.58
5.362968,1.0084,0.1104,-3.4881,3.63
5.375996,0.9443,0.2801,-3.6313,3.76
5.382917,0.9153,0.4856,-3.8005,3.94
5.393289,0.7845,0.5945,-3.9199,4.04
5.403149,0.6135,0.5702,-3.8086,3.90
5.413470,0.3955,0.4554,-3.2184,3.27
5.427908,0.1171,0.4639,-2.5487,2.59
5.433601,-0.0301,0.6467,-1.8847,1.99
5.444106,-0.0593,0.8402,-1.0725,1.36
5.453904,-0.1594,0.8528,-0.4029,0.96
5.463612,-0.3447,0.6745,0.1965,0.78
5.477339,-0.5282,0.3194,0.6999,0.93
5.483638,-0.6131,-0.0611,1.1982,1.35
5.493872,-0.4652,-0.2727,1.7509,1.83
5.510287,-0.0940,-0.1652,2.4225,2.43
5.514444,0.2396,0.1864,3.0985,3.11
5.527218,0.4330,0.5946,3.6410,3.71
5.534503,0.5137,0.8715,3.7838,3.92
5.544570,0.4306,0.9583,3.4448,3.60
5.560366,0.1883,0.8752,2.7158,2.86
5.564687,-0.0798,0.5850,1.7853,1.88
5.577827,-0.3931,0.0519,0.9841,1.06
5.584741,-0.7146,-0.6060,0.5063,1.06
5.595122,-0.5891,-0.9920,0.4166,1.23
5.610100,-0.0160,-0.9510,0.7307,1.20
5.615788,0.8398,-0.5410,1.3098,1.65
5.627531,1.6758,-0.0188,1.8432,2.49
5.635137,2.1330,0.2304,2.2789,3.13
5.645530,2.1650,0.1459,2.4282,3.26
5.660996,1.9418,-0.2769,2.4368,3.13
5.677742,0.8685,-1.1907,2.4056,2.82
5.685607,0.2736,-1.3202,2.6163,2.94
5.695946,-0.2434,-1.4808,3.3982,3.71
5.711236,-0.4098,-1.6480,4.6726,4.97
5.715973,-0.1442,-1.6160,5.8980,6.12
5.732179,0.4495,-1.3138,6.6433,6.79
5.735821,1.0666,-0.8806,6.7594,6.90
5.747614,1.4432,-0.5180,6.2471,6.43
5.763849,1.5846,-0.3625,5.0741,5.33
5.766411,1.6856,-0.1865,3.6287,4.01
5.779451,1.7598,0.0186,2.3389,2.93
5.786246,1.6965,0.2051,1.1250,2.05
5.796753,1.4678,0.3452,0.1107,1.51
5.811016,1.1949,0.4117,-0.7624,1.48
5.816159,0.9510,0.4782,-1.4878,1.83
5.827924,0.8040,0.4540,-2.0164,2.22
5.837164,0.6778,0.3102,-2.2320,2.35
5.846802,0.6427,0.0019,-2.1711,2.26
5.861522,0.6802,-0.1698,-2.1354,2.25
5.866990,0.7037,-0.0648,-2.2804,2.39
5.878633,0.5727,0.0467,-2.4574,2.52
5.886916,0.4163,-0.0507,-2.3316,2.37
5.897175,0.2324,-0.3149,-1.8957,1.94
5.910932,0.0419,-0.6176,-1.5966,1.71
5.917533,-0.0215,-0.7839,-1.4476,1.65
5.928098,0.0350,-0.7373,-1.4935,1.67
5.937758,0.0815,-0.6542,-1.7243,1.85
5.948125,-0.0050,-0.6453,-1.8770,1.98
5.961494,-0.1571,-0.7097,-1.8921,2.03
5.967724,-0.3136,-0.7204,-1.9633,2.11
5.978713,-0.4239,-0.6164,-2.2318,2.35
5.987811,-0.4096,-0.5150,-2.4679,2.55
5.998270,-0.3700,-0.4874,-2.5404,2.61
6.013465,-0.3838,-0.4685,-2.5907,2.66
6.018828,-0.3740,-0.3451,-2.6477,2.70
6.033055,-0.3892,-0.1598,-2.7593,2.79
6.038558,-0.3907,0.0040,-2.8823,2.91
6.051016,-0.5088,0.0289,-3.0574,3.10
6.068635,-0.7537,-0.1004,-3.4137,3.50
6.069097,-0.9942,-0.2913,-3.7603,3.90
6.081599,-1.1270,-0.4129,-3.8711,4.05
6.102647,-1.1567,-0.4462,-3.9624,4.15
6.116729,-0.7610,-0.4646,-3.9164,4.02
6.131106,-0.1696,-0.3541,-3.0351,3.06
6.144994,-0.0315,-0.2274,-2.3314,2.34
6.149309,-0.0145,0.0467,-1.6134,1.61
6.161326,0.0796,0.4236,-0.9447,1.04
6.169673,0.2192,0.8023,-0.4753,0.96
6.179538,0.2725,1.0288,-0.3455,1.12
6.195051,0.1518,1.2006,-0.4332,1.29
6.200888,-0.0100,1.2886,-0.5004,1.38
6.213987,-0.1798,1.1211,0.2067,1.15
6.220007,-0.3598,0.7966,1.2326,1.51
6.229385,-0.5413,0.5340,2.2412,2.37
6.244601,-0.4882,0.5930,3.4107,3.50
6.249634,-0.2773,0.7581,4.5148,4.59
6.262900,-0.1550,0.7380,5.2483,5.30
6.269959,-0.0439,0.6056,5.6240,5.66
6.280265,0.1588,0.4926,5.7279,5.75
6.297549,0.3715,0.3931,5.4997,5.53
6.300144,0.3908,0.0963,4.9038,4.92
6.311884,0.1267,-0.3594,4.4408,4.46
6.320817,-0.0332,-0.6908,4.0246,4.08
6.330078,0.0370,-0.8728,3.6820,3.78
6.346886,0.3904,-0.8255,3.5089,3.63
6.350222,0.9887,-0.6035,3.5197,3.71
6.362224,1.3604,-0.3175,3.5491,3.81
6.371023,1.1848,-0.1226,3.3425,3.55
6.380772,0.6146,-0.1978,2.9712,3.04
6.395982,-0.1270,-0.3650,2.7385,2.77
6.401068,-0.7517,-0.4266,2.6894,2.82
6.413015,-1.1594,-0.3820,2.6920,2.96
6.421708,-1.4599,-0.2690,2.5743,2.97
6.431680,-1.5833,-0.1108,2.2005,2.71
6.449785,-1.6221,0.0055,1.7219,2.37
6.453196,-1.6517,0.0145,1.1369,2.01
6.463265,-1.6344,-0.0164,0.3958,1.68
6.471474,-1.3356,0.0255,-0.2856,1.37
6.482061,-0.8560,0.1258,-0.7258,1.13
6.495505,-0.4785,0.2441,-1.1978,1.31
6.501716,-0.2712,0.2246,-1.7708,1.81
6.512424,-0.2106,0.0955,-2.3798,2.39
6.522403,-0.1130,0.0344,-2.9648,2.97
6.531993,0.0202,0.0746,-3.5496,3.55
6.546606,0.2074,0.2046,-4.1483,4.16
6.551892,0.3707,0.4073,-4.7203,4.75
6.563518,0.5333,0.6541,-5.1923,5.26
6.572512,0.6467,0.8312,-5.5723,5.67
6.582838,0.8273,0.9202,-5.7516,5.88
6.597454,0.8402,0.8844,-5.5810,5.71
6.602872,0.4741,0.5604,-5.0855,5.14
6.613768,-0.1372,-0.1404,-4.3206,4.33
6.623481,-0.7855,-0.8964,-3.4055,3.61
6.632975,-1.0883,-1.1518,-2.3354,2.82
6.646594,-0.8879,-0.8537,-1.0818,1.64
6.653072,-0.5511,-0.4774,0.4294,0.85
6.663805,-0.3632,-0.2831,2.0141,2.07
6.673153,-0.3228,-0.2497,3.1986,3.22
6.683278,-0.2369,-0.1342,3.6308,3.64
6.696198,-0.0976,-0.0105,3.4353,3.44
6.703501,-0.0249,-0.0671,2.7007,2.70
6.713612,0.0446,-0.2382,1.7324,1.75
6.729609,0.0437,-0.3801,0.6981,0.80
6.733577,0.0359,-0.3450,-0.3189,0.47
6.746263,0.1233,-0.0546,-1.1715,1.18
6.753819,0.2503,0.3178,-1.5777,1.63
6.764158,0.3954,0.6411,-1.5520,1.73
6.779760,0.4447,0.8357,-1.3880,1.68
6.784177,0.3039,0.7769,-1.1581,1.43
6.796202,0.1433,0.6442,-0.9895,1.19
6.804350,0.0278,0.5759,-0.8797,1.05
6.815053,0.0006,0.4810,-0.5659,0.74
6.833041,0.0982,0.3826,0.0663,0.40
6.847136,1.0669,0.6759,2.4580,2.76
6.854570,1.5223,0.8280,3.4451,3.86
6.864863,1.7441,0.9025,3.9997,4.46
6.879842,1.8288,0.9847,4.1854,4.67
6.884672,1.8637,0.9178,3.9336,4.45
6.896252,1.8819,0.6190,3.5145,4.03
6.905192,1.6876,0.2389,3.1160,3.55
6.914907,0.9851,-0.3904,2.6459,2.85
6.930363,0.1181,-1.0154,2.1648,2.39
6.935049,-0.5170,-1.3923,1.8964,2.41
6.946909,-0.7305,-1.3853,2.0119,2.55
6.955240,-0.5395,-1.1064,2.5305,2.81
6.965240,-0.1698,-0.8303,3.1612,3.27
6.979848,0.2955,-0.6295,3.8218,3.88
6.985630,0.7874,-0.3723,4.0834,4.18
6.996855,1.0485,-0.1469,3.7971,3.94
7.005848,0.9332,-0.0369,3.1985,3.33
7.015643,0.4494,-0.0951,2.4409,2.48
7.031116,-0.0206,-0.1866,1.5863,1.60
7.035880,-0.2693,-0.1655,0.8689,0.92
7.047470,-0.3119,-0.0271,0.3094,0.44
7.056163,-0.2156,0.1953,-0.1549,0.33
7.066558,-0.0768,0.3817,-0.6604,0.77
7.080644,0.0842,0.5924,-1.1640,1.31
7.086405,0.0976,0.7495,-1.5941,1.76
7.096972,0.0013,0.7562,-2.0129,2.15
7.107109,-0.2269,0.6145,-2.3896,2.48
7.116940,-0.4768,0.3519,-2.7218,2.79
7.130879,-0.5649,0.1076,-2.9190,2.98
7.136620,-0.3922,0.0090,-2.9935,3.02
7.147667,-0.0188,0.0603,-3.0124,3.01
7.157042,0.3589,0.0556,-3.0307,3.05
7.167388,0.5928,-0.0120,-3.0770,3.13
7.181049,0.6402,-0.1552,-3.1943,3.26
7.187298,0.5923,-0.3046,-3.3108,3.38
7.197504,0.4609,-0.4614,-3.4485,3.51
7.207333,0.4253,-0.5453,-3.5337,3.60
7.226735,0.4740,-0.5033,-3.3642,3.43
7.234232,0.5151,-0.4079,-3.0314,3.10
7.237448,0.5288,-0.3822,-2.5520,2.63
7.248531,0.4777,-0.4850,-2.1241,2.23
7.257727,0.4431,-0.5615,-1.8616,1.99
7.267925,0.5368,-0.5241,-1.6180,1.78
7.280435,0.7051,-0.4796,-1.3379,1.59
7.288221,0.8474,-0.5107,-1.1118,1.49
7.298161,0.8967,-0.5088,-1.1110,1.52
7.313957,0.8734,-0.3796,-1.4569,1.74
7.318306,0.8887,-0.2145,-1.8338,2.05
7.331459,0.8404,-0.0857,-2.1255,2.29
7.339636,0.5950,-0.1872,-2.2735,2.36
7.351875,0.3293,-0.3715,-2.1143,2.17
7.367413,0.1296,-0.3590,-1.7565,1.80
7.368735,0.0509,-0.1306,-1.4327,1.44
7.382705,0.0034,0.1617,-1.1599,1.17
7.388742,-0.1142,0.4945,-0.9167,1.05
7.398810,-0.3514,0.8471,-0.7926,1.21
7.414646,-0.8274,1.0343,-0.4559,1.40
7.419209,-1.3867,1.0158,0.1261,1.72
7.433144,-1.6626,0.9867,0.8290,2.10
7.439375,-1.5524,1.0752,1.7232,2.56
7.449628,-1.2243,1.0617,2.6873,3.14
7.464689,-0.9384,0.7528,3.4091,3.62
7.470097,-0.5603,0.2145,4.2726,4.31
7.483548,0.0503,0.0001,5.2643,5.26
7.490268,0.6050,-0.0506,5.9932,6.02
7.501663,1.0644,-0.0653,6.5344,6.62
7.516307,1.2687,-0.0885,6.7428,6.86
7.520381,1.1052,-0.0837,6.4830,6.58
7.531785,0.5827,-0.2038,5.7293,5.76
7.540753,0.0156,-0.2780,4.8404,4.85
7.550132,-0.3885,-0.1365,4.0694,4.09
7.564934,-0.7303,0.0468,3.3697,3.45
7.570814,-1.1068,0.2429,2.6475,2.88
7.582246,-1.5869,0.3920,1.8424,2.46
7.592218,-1.9973,0.4030,1.2551,2.39
7.607747,-2.1150,0.3766,1.0519,2.39
7.618756,-1.9443,0.3850,1.1251,2.28
7.621184,-1.5679,0.3598,1.4581,2.17
7.633431,-1.2733,0.1335,1.6668,2.10
7.641238,-1.0836,-0.0673,1.6517,1.98
7.651342,-0.8311,-0.1392,1.5164,1.73
7.665226,-0.4977,-0.1795,1.1608,1.28
7.671850,-0.2650,-0.2300,0.6235,0.72
7.682677,-0.0222,-0.2978,0.0336,0.30
7.692076,0.2386,-0.3620,-0.5830,0.73
7.701781,0.4395,-0.3106,-1.1524,1.27
7.715250,0.6409,-0.1741,-1.5436,1.68
7.721635,0.7072,-0.0365,-1.7403,1.88
7.732766,0.5720,0.0006,-1.8650,1.95
7.742347,0.3288,0.0029,-1.9082,1.94
7.751981,0.1581,-0.0347,-1.6838,1.69
7.766324,0.2108,-0.0300,-1.4143,1.43
7.772486,0.3837,0.0012,-1.2524,1.31
7.782256,0.5756,0.0953,-1.2763,1.40
7.792357,0.5721,0.2254,-1.6312,1.74
7.802420,0.4336,0.2500,-2.0538,2.11
7.816018,0.2497,0.2302,-2.4179,2.44
7.822518,0.0684,0.2001,-2.5783,2.59
7.833146,0.1697,0.2335,-2.4809,2.50
7.842916,0.4076,0.3332,-2.2719,2.33
7.853042,0.6523,0.4339,-2.0924,2.23
7.865498,0.8134,0.4626,-1.9066,2.12
7.873283,0.7557,0.4076,-1.8193,2.01
7.882997,0.4643,0.2052,-1.9453,2.01
7.893244,0.1886,0.0440,-2.1387,2.15
7.903374,-0.0386,-0.1040,-2.1749,2.18
7.916485,-0.2218,-0.3077,-2.0548,2.09
7.923592,-0.3513,-0.5480,-1.8789,1.99
7.933878,-0.3933,-0.8191,-1.4683,1.73
7.949299,-0.2981,-1.1179,-1.0164,1.54
7.953936,-0.0412,-1.2129,-0.2959,1.25
7.966660,0.3621,-0.8681,0.7984,1.23
7.974569,0.7587,-0.1249,1.6163,1.79
7.984766,0.6615,0.0212,2.0656,2.17
8.000111,-0.0621,-0.7691,3.0287,3.13
8.004128,-0.3630,-0.9562,3.1706,3.33
8.016557,-0.4608,-0.8635,3.1122,3.26
8.024467,-0.5209,-1.1258,3.0759,3.32
8.034398,-0.2749,-1.1998,2.8749,3.13
8.049583,0.1977,-1.0469,2.8588,3.05
8.054558,0.6835,-0.9949,2.9797,3.21
8.068011,0.9896,-0.9698,3.0582,3.36
8.074978,1.0774,-1.0038,2.9387,3.29
8.084436,0.9808,-1.0442,2.4921,2.87
8.100482,0.7780,-1.0554,1.7665,2.20
8.105034,0.5260,-1.0980,1.0661,1.62
8.116046,0.2934,-1.1850,0.5004,1.32
8.125271,0.2721,-1.2999,0.3177,1.37
8.135663,0.4442,-1.2374,0.5337,1.42
8.150169,0.6307,-1.1222,0.6892,1.46
8.155579,0.6747,-1.2555,1.0788,1.79
8.168642,0.7368,-1.2382,1.2957,1.94
8.175372,0.9969,-1.0047,1.2806,1.91
8.185347,1.2849,-0.7375,1.2781,1.96
8.200382,1.2969,-0.5939,1.3645,1.97
8.206005,0.9687,-0.5651,1.0348,1.53
8.216579,0.5134,-0.6518,0.4169,0.93
8.226265,0.0300,-0.7666,-0.1254,0.78
8.236599,-0.2659,-0.7992,-0.4946,0.98
8.250535,-0.2619,-0.6595,-0.7417,1.03
8.256453,-0.1149,-0.6361,-1.0461,1.23
8.268566,0.1722,-0.7132,-0.8935,1.16
8.276568,0.5292,-0.7234,-0.5714,1.06
8.286520,0.7939,-0.5684,-0.2329,1.00
8.300642,0.6935,-0.4423,-0.1219,0.83
8.307022,0.2186,-0.5483,-0.2545,0.64
8.325380,-0.4298,-0.7069,-0.3956,0.92
8.327827,-0.9427,-0.8781,-0.3923,1.35
8.338870,-1.0974,-1.0044,-0.2308,1.51
8.355664,-0.8880,-0.9883,0.0522,1.33
8.369891,0.2800,-0.2401,0.0361,0.37
8.376980,0.0869,-0.7742,-0.2424,0.82
8.387242,0.0259,-1.0506,-0.4207,1.13
8.401150,0.2942,-0.8510,-0.6636,1.12
8.407243,0.3696,-0.7775,-0.8484,1.21
8.417438,0.3840,-0.5700,-0.9584,1.18
8.427369,0.3651,-0.4031,-0.7590,0.93
8.437696,0.2994,-0.4517,-0.1791,0.57
8.450732,0.2935,-0.3785,0.4382,0.65
8.457848,0.2263,-0.3156,0.9077,0.99
8.467999,-0.0046,-0.3166,1.2007,1.24
8.478255,-0.2839,-0.4121,1.1764,1.28
8.487666,-0.3977,-0.3992,1.0656,1.21
8.501369,-0.2012,-0.2868,0.9789,1.04
8.507972,0.0620,-0.1019,0.8785,0.89
8.518307,0.2507,0.0614,0.7980,0.84
8.528065,0.3085,0.1549,0.7298,0.81
8.538083,0.2004,0.0607,0.4846,0.53
8.551193,0.0289,-0.0393,0.1676,0.17
8.558567,-0.0752,-0.0342,-0.0515,0.10
8.568331,-0.0984,-0.0092,-0.2182,0.24
8.583999,-0.0899,-0.0067,-0.1049,0.14
8.588420,-0.0907,-0.0308,0.1855,0.21
8.600614,-0.0465,-0.0245,0.4662,0.47
8.608789,0.0805,0.0831,0.8063,0.81
8.618955,0.1436,0.1522,0.9948,1.02
8.634809,0.1555,0.1488,0.7594,0.79
8.639307,0.1539,0.1804,0.3976,0.46
8.650666,0.0632,0.1245,0.1371,0.20
8.659507,-0.1091,0.0514,-0.0767,0.14
8.669206,-0.2508,-0.0787,0.0624,0.27
8.686771,-0.3159,-0.1820,0.3647,0.52
8.692830,-0.3918,-0.2577,0.5945,0.76
8.702977,-0.3973,-0.1675,0.1194,0.45
8.709320,-0.1855,0.0055,-0.8199,0.84
8.719903,-0.1146,0.0654,-1.4917,1.50
8.734476,-0.2763,-0.0743,-1.4268,1.46
8.739743,-0.3236,-0.3060,-0.7082,0.84
